,PRV,totalKMS,totalFUEL,mileage,Total Days,KMs per day,District,FuelperDay
0,1,6575.0,564.97,11.63778607713684,100,65.75,Agra,5.6497
1,5,1705.0,240.0,7.104166666666667,29,58.793103448275865,Agra,8.275862068965518
2,11,9256.0,951.75,9.725242973469923,131,70.65648854961832,Agra,7.265267175572519
3,13,9453.0,894.96,10.562483239474389,126,75.02380952380952,Agra,7.102857142857143
4,14,10819.0,1056.37,10.241676685252328,131,82.58778625954199,Agra,8.063893129770992
5,15,10560.0,1011.98,10.434988833771419,133,79.3984962406015,Agra,7.608872180451128
6,17,11490.0,1070.01,10.738217399837385,129,89.06976744186046,Agra,8.294651162790698
7,21,6470.0,655.0,9.877862595419847,127,50.94488188976378,Agra,5.15748031496063
8,22,16957.0,1374.03,12.341069700079329,130,130.43846153846152,Agra,10.569461538461539
9,24,8540.0,709.98,12.028507845291417,133,64.21052631578948,Agra,5.338195488721805
10,30,10615.0,1000.04,10.614575416983321,124,85.60483870967742,Agra,8.064838709677419
11,35,11677.0,1079.99,10.81213714941805,131,89.13740458015268,Agra,8.244198473282443
12,36,8124.0,714.97,11.362714519490329,117,69.43589743589743,Agra,6.110854700854701
13,38,5235.0,574.96,9.104981216084596,108,48.47222222222222,Agra,5.323703703703704
14,45,17630.0,1266.19,13.92366074601758,131,134.5801526717557,Agra,9.66557251908397
15,47,14642.0,1182.07,12.386745285812177,132,110.92424242424242,Agra,8.955075757575758
16,48,14718.0,1095.01,13.440973141797793,130,113.21538461538462,Agra,8.423153846153847
17,51,15304.0,1204.48,12.705897980871413,133,115.06766917293233,Agra,9.05624060150376
18,54,16075.0,1259.05,12.767562845002185,131,122.70992366412214,Agra,9.611068702290076
19,58,15838.0,1277.33,12.39930166832377,129,122.7751937984496,Agra,9.901782945736434
20,60,15921.0,1270.0,12.536220472440945,132,120.61363636363636,Agra,9.621212121212121
21,64,15825.0,1247.8899999999999,12.681406213688708,131,120.80152671755725,Agra,9.525877862595419
22,65,14847.0,1165.03,12.743877840055621,128,115.9921875,Agra,9.101796875
23,67,15566.0,1190.04,13.080232597223624,131,118.82442748091603,Agra,9.084274809160306
24,68,12102.0,980.1499999999999,12.3470897311636,132,91.68181818181819,Agra,7.4253787878787865
25,71,16093.0,1213.92,13.257051535521285,133,121.0,Agra,9.127218045112782
26,72,13901.0,1024.91,13.563142129552837,131,106.1145038167939,Agra,7.823740458015267
27,74,5615.0,586.97,9.56607663083292,125,44.92,Agra,4.69576
28,76,4684.0,396.63,11.809494995335703,123,38.08130081300813,Agra,3.2246341463414634
29,78,8430.0,916.8599999999999,9.194424448661739,131,64.35114503816794,Allahabad,6.998931297709923
30,81,9837.0,929.3,10.585386850317445,129,76.25581395348837,Allahabad,7.203875968992247
31,82,9260.0,905.1400000000001,10.230461586052986,131,70.68702290076335,Allahabad,6.909465648854963
32,83,7494.0,760.0,9.860526315789473,127,59.00787401574803,Allahabad,5.984251968503937
33,84,8049.0,750.41,10.726136378779602,126,63.88095238095238,Allahabad,5.95563492063492
34,86,10020.0,931.47,10.757190247673032,129,77.67441860465117,Allahabad,7.220697674418605
35,87,11821.0,1235.77,9.565695881919774,133,88.8796992481203,Allahabad,9.291503759398497
36,89,8694.0,855.9100000000001,10.157610029091844,127,68.45669291338582,Allahabad,6.739448818897638
37,90,8898.0,1036.2400000000002,8.58681386551378,128,69.515625,Allahabad,8.095625000000002
38,93,6380.0,451.06,14.144459717110806,99,64.44444444444444,Allahabad,4.556161616161616
39,95,6182.0,724.5,8.532781228433402,126,49.06349206349206,Allahabad,5.75
40,97,4840.0,216.84,22.320605054418003,64,75.625,Allahabad,3.388125
41,99,3750.0,201.16,18.641877112746073,74,50.67567567567568,Allahabad,2.7183783783783784
42,100,11090.0,1220.97,9.082942250833353,127,87.32283464566929,Allahabad,9.613937007874016
43,115,21347.0,1007.31,21.19208585241882,132,161.71969696969697,Allahabad,7.631136363636363
44,116,22317.0,1519.81,14.684072351149158,132,169.0681818181818,Allahabad,11.513712121212121
45,130,15784.0,1019.8,15.477544616591489,132,119.57575757575758,Allahabad,7.725757575757576
46,131,673.0,82.85,8.12311406155703,8,84.125,Allahabad,10.35625
47,135,19965.0,1483.29,13.459943773638331,131,152.40458015267177,Allahabad,11.322824427480915
48,145,16002.0,1208.4500000000003,13.241755968389256,118,135.61016949152543,Allahabad,10.241101694915256
49,147,4554.0,425.71,10.697423128420757,110,41.4,Allahabad,3.870090909090909
50,148,5500.0,609.98,9.016689071772845,130,42.30769230769231,Bareilly,4.692153846153846
51,149,3919.0,466.19000000000005,8.406443724661617,124,31.60483870967742,Bareilly,3.759596774193549
52,152,4509.0,578.71,7.79146722883655,128,35.2265625,Bareilly,4.521171875
53,154,7437.0,850.35,8.745810548597635,125,59.496,Bareilly,6.8028
54,156,5602.0,697.97,8.026132928349355,129,43.42635658914729,Bareilly,5.41062015503876
55,157,4799.0,520.106,9.22696527246369,109,44.027522935779814,Bareilly,4.771614678899082
56,158,9399.0,924.3199999999999,10.168556344123248,130,72.3,Bareilly,7.110153846153846
57,160,7096.0,885.0400000000001,8.017716713368886,128,55.4375,Bareilly,6.914375000000001
58,161,3332.0,310.0,10.748387096774193,48,69.41666666666667,Bareilly,6.458333333333333
59,162,11216.0,1035.1000000000001,10.835668051395999,131,85.61832061068702,Bareilly,7.901526717557253
60,163,5604.0,554.656,10.103559683840075,143,39.18881118881119,Bareilly,3.8787132867132863
61,164,4149.0,559.97,7.409325499580334,125,33.192,Bareilly,4.479760000000001
62,165,6358.0,595.0,10.685714285714285,125,50.864,Bareilly,4.76
63,166,9649.0,809.96,11.912933972048002,124,77.81451612903226,Bareilly,6.531935483870968
64,170,10461.0,879.9000000000001,11.888851005796113,130,80.46923076923076,Bareilly,6.768461538461539
65,172,7374.0,776.1700000000001,9.50049602535527,131,56.29007633587786,Bareilly,5.9249618320610695
66,176,7485.0,769.96,9.721284222557015,133,56.278195488721806,Bareilly,5.789172932330827
67,178,12812.0,964.8,13.279436152570481,131,97.80152671755725,Bareilly,7.364885496183206
68,179,11651.0,875.197,13.312431372593828,143,81.47552447552448,Bareilly,6.120258741258741
69,180,14120.0,1179.98,11.966304513635825,129,109.45736434108527,Bareilly,9.147131782945737
70,182,11652.0,984.95,11.830042134118482,128,91.03125,Bareilly,7.694921875
71,183,12848.0,1065.43,12.058980880958861,126,101.96825396825396,Bareilly,8.455793650793652
72,184,14831.0,1266.76,11.707821528939974,131,113.21374045801527,Bareilly,9.669923664122138
73,187,13350.0,1109.47,12.032772404841952,133,100.37593984962406,Bareilly,8.341879699248121
74,189,12078.0,1045.92,11.547728315741164,128,94.359375,Bareilly,8.17125
75,194,12350.0,703.0,17.56756756756757,144,85.76388888888889,Bareilly,4.881944444444445
76,198,13920.0,1129.92,12.319456244689889,133,104.66165413533835,Bareilly,8.49563909774436
77,199,12740.0,1092.17,11.664850710054294,132,96.51515151515152,Bareilly,8.274015151515153
78,200,14380.0,1241.7,11.580897157123298,133,108.1203007518797,Bareilly,9.33609022556391
79,203,8000.0,459.82599999999996,17.397885287043362,123,65.04065040650407,Bareilly,3.738422764227642
80,206,11370.0,979.97,11.602395991714031,129,88.13953488372093,Bareilly,7.596666666666667
81,210,10701.0,929.99,11.50657533951978,129,82.95348837209302,Bareilly,7.209224806201551
82,211,12919.0,1124.99,11.483657632512289,130,99.37692307692308,Bareilly,8.65376923076923
83,212,14387.0,640.0,22.4796875,137,105.01459854014598,Bareilly,4.671532846715328
85,219,13775.0,1142.844,12.053263612531543,144,95.65972222222223,Bareilly,7.936416666666667
86,226,13634.0,1195.02,11.409014075078241,130,104.87692307692308,Bareilly,9.192461538461538
87,229,6200.0,500.03999999999996,12.399008079353653,120,51.666666666666664,Bareilly,4.167
88,230,1204.0,140.0,8.6,95,12.673684210526316,Bareilly,1.4736842105263157
89,231,7754.0,678.9399999999999,11.420744101098773,130,59.646153846153844,Bareilly,5.222615384615384
90,232,11928.0,1225.01,9.737063370911258,131,91.05343511450381,Moradabad,9.351221374045801
91,238,9415.0,970.8400000000001,9.697787483004408,132,71.32575757575758,Moradabad,7.354848484848486
92,246,11133.0,1208.8700000000001,9.209426985531943,131,84.98473282442748,Moradabad,9.228015267175573
93,254,10760.0,1067.8600000000001,10.076227220796733,123,87.47967479674797,Moradabad,8.68178861788618
94,259,4150.0,440.0,9.431818181818182,102,40.68627450980392,Moradabad,4.313725490196078
96,272,3624.0,442.23699999999997,8.194701031347446,83,43.66265060240964,Moradabad,5.328156626506024
97,277,8745.0,805.771,10.85295946366896,138,63.369565217391305,Moradabad,5.838920289855072
98,278,6508.0,491.15899999999993,13.2502916570805,143,45.51048951048951,Moradabad,3.434678321678321
99,280,6039.0,490.908,12.301694003764453,135,44.733333333333334,Moradabad,3.636355555555556
100,295,7388.0,670.0,11.026865671641792,137,53.92700729927007,Moradabad,4.890510948905109
101,308,12946.0,1168.88,11.07555950995825,129,100.35658914728683,Moradabad,9.06108527131783
102,312,1883.0,360.26,5.226780658413368,47,40.06382978723404,Gorakhpur,7.665106382978723
103,316,4007.0,515.83,7.76806312157106,122,32.84426229508197,Gorakhpur,4.228114754098361
104,320,9541.0,1100.02,8.673478664024291,128,74.5390625,Gorakhpur,8.59390625
105,332,12828.0,190.0,67.51578947368421,138,92.95652173913044,Gorakhpur,1.3768115942028984
106,333,373.0,79.0,4.7215189873417724,38,9.81578947368421,Gorakhpur,2.0789473684210527
107,340,17981.0,1237.4499999999998,14.530688108610452,131,137.25954198473283,Gorakhpur,9.446183206106868
108,342,5995.0,170.73,35.11392256779711,42,142.73809523809524,Gorakhpur,4.0649999999999995
109,343,12827.0,621.337,20.64419147741081,145,88.46206896551725,Gorakhpur,4.28508275862069
110,350,13723.0,1149.95,11.933562328796905,129,106.37984496124031,Gorakhpur,8.914341085271317
111,353,13619.0,1143.26,11.912425869880867,127,107.23622047244095,Gorakhpur,9.002047244094488
113,358,9994.0,199.69400000000002,50.046571254018644,133,75.14285714285714,Gorakhpur,1.5014586466165414
114,360,3119.0,210.0,14.852380952380953,121,25.776859504132233,Gorakhpur,1.7355371900826446
115,366,15440.0,1004.04,15.377873391498348,131,117.86259541984732,Jhansi,7.66442748091603
118,397,469.0,80.0,5.8625,19,24.68421052631579,Jhansi,4.2105263157894735
119,398,463.0,80.0,5.7875,49,9.448979591836734,Jhansi,1.6326530612244898
120,405,2192.0,234.784,9.33624097042388,143,15.328671328671328,Jhansi,1.6418461538461537
121,406,6591.0,794.0,8.301007556675064,143,46.09090909090909,Kanpur Nagar,5.5524475524475525
122,413,5626.0,699.56,8.042197952999029,128,43.953125,Kanpur Nagar,5.4653125
123,415,8522.0,905.27,9.413766058744905,127,67.10236220472441,Kanpur Nagar,7.128110236220472
124,416,7757.0,874.97,8.865446815319382,128,60.6015625,Kanpur Nagar,6.835703125
125,419,16156.0,1447.23,11.16339489922127,132,122.39393939393939,Kanpur Nagar,10.963863636363637
126,439,8935.0,721.16,12.38976094070664,126,70.91269841269842,Kanpur Nagar,5.723492063492063
127,440,12885.0,1338.95,9.623212218529444,133,96.8796992481203,Kanpur Nagar,10.067293233082706
128,441,11957.0,1231.87,9.706381355175466,129,92.68992248062015,Kanpur Nagar,9.549379844961239
129,444,6684.0,735.0,9.093877551020409,124,53.903225806451616,Kanpur Nagar,5.92741935483871
130,445,5393.0,797.9100000000001,6.758907646225764,125,43.144,Kanpur Nagar,6.383280000000001
131,447,8839.0,877.94,10.067886188122195,129,68.51937984496124,Kanpur Nagar,6.805736434108527
132,458,24897.0,1659.9299999999998,14.99882525166724,132,188.61363636363637,Kanpur Nagar,12.575227272727272
133,470,50127.0,380.0,131.91315789473686,136,368.58088235294116,Lucknow,2.7941176470588234
134,473,9946.0,903.1,11.013176835344924,130,76.50769230769231,Lucknow,6.946923076923077
136,485,6262.0,465.0,13.466666666666667,120,52.18333333333333,Lucknow,3.875
138,496,16816.0,1530.88,10.98453177257525,133,126.43609022556392,Lucknow,11.510375939849625
139,504,13857.0,1224.36,11.317749681466236,131,105.77862595419847,Lucknow,9.346259541984733
140,508,9476.0,927.8199999999999,10.21318790282598,121,78.31404958677686,Lucknow,7.66793388429752
141,519,24273.0,1762.9199999999998,13.768633857463755,134,181.1417910447761,Lucknow,13.156119402985073
142,526,20727.0,1784.3100000000002,11.616255022950046,133,155.8421052631579,Lucknow,13.415864661654137
143,535,6743.0,953.9200000000001,7.068726937269372,132,51.083333333333336,Meerut,7.2266666666666675
144,536,5038.0,660.03,7.632986379406997,127,39.669291338582674,Meerut,5.197086614173228
145,537,4734.0,539.95,8.767478470228724,131,36.13740458015267,Meerut,4.12175572519084
146,544,6670.0,589.98,11.30546798196549,124,53.79032258064516,Meerut,4.7579032258064515
147,547,13485.0,1384.79,9.737938604409333,131,102.93893129770993,Meerut,10.57091603053435
148,549,8552.0,945.0,9.049735449735449,129,66.29457364341086,Meerut,7.325581395348837
149,550,8368.0,926.05,9.03622914529453,132,63.39393939393939,Meerut,7.015530303030303
150,551,8178.0,897.53,9.111673147415685,133,61.48872180451128,Meerut,6.748345864661654
151,552,7472.0,866.18,8.626382507100141,130,57.47692307692308,Meerut,6.662923076923077
152,555,11883.0,1294.78,9.17762090857134,132,90.02272727272727,Meerut,9.808939393939394
153,560,10459.0,910.05,11.49277512224603,131,79.83969465648855,Meerut,6.946946564885496
154,561,7840.0,704.0200000000001,11.136047271384335,130,60.30769230769231,Meerut,5.415538461538462
155,563,1413.0,120.0,11.775,90,15.7,Meerut,1.3333333333333333
156,564,12702.0,1105.1,11.4939824450276,129,98.46511627906976,Meerut,8.566666666666666
157,565,13520.0,1184.0,11.41891891891892,131,103.20610687022901,Meerut,9.038167938931299
158,566,13137.0,1094.95,11.997808119092195,128,102.6328125,Meerut,8.554296875
159,567,9574.0,870.02,11.004344727707409,129,74.21705426356588,Meerut,6.7443410852713175
160,574,18702.0,1399.28,13.365445086044252,132,141.6818181818182,Meerut,10.60060606060606
161,575,15358.0,1134.97,13.531635197406098,127,120.92913385826772,Meerut,8.936771653543307
162,579,13266.0,1145.03,11.585722644821534,130,102.04615384615384,Meerut,8.807923076923077
163,581,13135.0,1092.04,12.027947694223656,128,102.6171875,Meerut,8.5315625
164,584,857.0,115.0,7.452173913043478,11,77.9090909090909,Meerut,10.454545454545455
165,588,13636.0,1114.68,12.23310725948254,130,104.8923076923077,Meerut,8.57446153846154
166,592,13667.0,1140.8,11.980189340813464,130,105.13076923076923,Meerut,8.775384615384615
167,594,6179.0,565.02,10.93589607447524,133,46.45864661654135,Meerut,4.248270676691729
168,596,7975.0,889.86,8.962083923313779,131,60.87786259541985,Varanasi,6.792824427480916
169,599,6645.0,205.0,32.41463414634146,142,46.79577464788732,Varanasi,1.443661971830986
170,601,5941.0,660.0,9.001515151515152,125,47.528,Varanasi,5.28
171,605,267.0,65.0,4.107692307692307,103,2.592233009708738,Varanasi,0.6310679611650486
172,607,8290.0,1074.01,7.718736324615227,127,65.2755905511811,Varanasi,8.456771653543306
173,609,16035.0,1546.79,10.366630247157016,131,122.40458015267176,Varanasi,11.807557251908397
174,612,10241.0,1124.25,9.10918390037803,132,77.58333333333333,Varanasi,8.517045454545455
175,613,10543.0,1060.19,9.944443920429357,129,81.72868217054264,Varanasi,8.218527131782945
176,614,9103.0,994.8199999999999,9.15039906716793,128,71.1171875,Varanasi,7.7720312499999995
177,617,8075.0,890.0799999999999,9.07221822757505,130,62.11538461538461,Varanasi,6.8467692307692305
178,619,12183.0,1149.88,10.59501861063763,125,97.464,Varanasi,9.19904
179,620,5522.0,940.9200000000001,5.868724227351953,130,42.47692307692308,Varanasi,7.237846153846155
180,621,4447.0,551.86,8.05820316747001,59,75.37288135593221,Varanasi,9.353559322033899
181,622,2247.0,309.97,7.249088621479498,42,53.5,Varanasi,7.380238095238096
182,623,7396.0,784.9100000000001,9.422736364678752,131,56.458015267175576,Varanasi,5.991679389312978
183,631,12635.0,1028.83,12.280940485794543,130,97.1923076923077,Varanasi,7.914076923076922
184,634,12040.0,1034.1299999999999,11.642636805817451,131,91.90839694656489,Varanasi,7.89412213740458
187,641,14673.0,1229.19,11.937129329070363,130,112.86923076923077,Varanasi,9.455307692307693
188,642,1170.0,159.8,7.321652065081351,19,61.578947368421055,Varanasi,8.410526315789474
189,643,13791.0,1157.62,11.91323577685251,131,105.27480916030534,Varanasi,8.83679389312977
190,646,16650.0,1463.87,11.37396080253028,133,125.18796992481202,Varanasi,11.006541353383458
191,647,14470.0,1246.33,11.610087216066372,123,117.64227642276423,Varanasi,10.132764227642276
192,666,13665.0,1057.9099999999999,12.916977814747948,133,102.74436090225564,Firozabad,7.954210526315788
194,676,19956.0,760.06,26.255821908796676,130,153.5076923076923,Firozabad,5.846615384615384
195,677,21468.0,520.24,41.26556973704444,129,166.41860465116278,Firozabad,4.032868217054264
196,679,1252.0,80.0,15.65,81,15.45679012345679,Firozabad,0.9876543209876543
197,681,9548.0,1020.9369999999999,9.35219313238721,146,65.3972602739726,Mainpuri,6.992719178082191
198,682,12299.0,1048.5500000000002,11.729531257450763,128,96.0859375,Mainpuri,8.191796875000001
199,683,12720.0,1304.1,9.753853232114102,132,96.36363636363636,Mainpuri,9.879545454545454
200,687,12234.0,1217.07,10.052010155537479,133,91.98496240601504,Mainpuri,9.150902255639098
201,690,9566.0,1005.8800000000001,9.51008072533503,128,74.734375,Mainpuri,7.858437500000001
202,704,16372.0,1370.99,11.941735534176033,131,124.97709923664122,Mainpuri,10.46557251908397
203,706,13765.0,1194.85,11.520274511444953,128,107.5390625,Mainpuri,9.334765625
204,713,10803.0,982.001,11.001007127283986,127,85.06299212598425,Aligarh,7.732291338582677
205,716,11235.0,1169.87,9.603631172694403,128,87.7734375,Aligarh,9.139609375
206,717,15785.0,1639.02,9.630754963331746,131,120.49618320610686,Aligarh,12.511603053435115
207,720,22080.0,1209.8899999999999,18.249592938200994,129,171.1627906976744,Aligarh,9.378992248062014
208,726,8808.0,885.0,9.952542372881355,127,69.35433070866142,Aligarh,6.968503937007874
209,736,13096.0,1157.05,11.318439134004581,134,97.73134328358209,Aligarh,8.634701492537314
210,745,12566.0,1076.3700000000001,11.67442422215409,129,97.4108527131783,Aligarh,8.343953488372094
211,750,44455.0,1264.26,35.16286206951102,132,336.780303030303,Aligarh,9.577727272727273
212,759,12810.0,1032.94,12.401494762522509,130,98.53846153846153,Aligarh,7.945692307692308
213,760,13945.0,1156.99,12.052826731432424,128,108.9453125,Aligarh,9.038984375
214,761,13740.0,1045.06,13.147570474422523,127,108.18897637795276,Aligarh,8.228818897637796
215,762,12059.0,1030.93,11.697205435868584,132,91.35606060606061,Aligarh,7.810075757575758
216,764,16116.0,1421.9999999999998,11.333333333333336,132,122.0909090909091,Aligarh,10.772727272727272
217,765,14230.0,1206.9,11.790537741320739,129,110.31007751937985,Aligarh,9.355813953488372
218,771,12545.0,1053.65,11.90623072177668,132,95.03787878787878,Aligarh,7.982196969696971
219,775,16160.0,1374.27,11.758970216915163,131,123.3587786259542,Aligarh,10.490610687022901
221,779,13505.0,1160.06,11.641639225557299,130,103.88461538461539,Auraiya,8.923538461538461
222,781,13178.0,1123.1399999999999,11.733176629805724,131,100.59541984732824,Auraiya,8.57358778625954
223,786,8193.0,849.1199999999999,9.64881288863765,125,65.544,Banda,6.792959999999999
224,789,6551.0,133.127,49.20865038647306,83,78.92771084337349,Banda,1.6039397590361446
225,798,12616.0,1053.09,11.979982717526518,124,101.74193548387096,Banda,8.49266129032258
226,802,2686.0,279.24,9.61896576421716,35,76.74285714285715,Banda,7.978285714285715
227,804,8374.0,279.945,29.913018628659202,101,82.91089108910892,Banda,2.771732673267327
228,810,2527.0,119.0,21.235294117647058,43,58.76744186046512,Banda,2.7674418604651163
229,812,14581.0,1221.11,11.940775196337759,132,110.46212121212122,Banda,9.250833333333333
230,817,4900.0,230.0,21.304347826086957,101,48.51485148514851,Banda,2.277227722772277
231,818,13818.0,1163.12,11.88011555127588,130,106.29230769230769,Banda,8.947076923076922
232,819,14636.0,1236.2,11.839508170198997,133,110.04511278195488,Banda,9.294736842105264
233,821,11643.0,1045.6499999999999,11.134700903744084,122,95.43442622950819,Banda,8.57090163934426
234,823,5506.0,182.079,30.2396212632978,92,59.84782608695652,Banda,1.9791195652173914
235,827,13230.0,1122.74,11.783672087927748,128,103.359375,Basti,8.77140625
236,839,17537.0,1109.2,15.810494049765596,132,132.8560606060606,Basti,8.403030303030304
237,845,17683.0,1168.3700000000001,15.134760392683823,130,136.02307692307693,Basti,8.98746153846154
238,849,16694.0,1197.91,13.93593842609211,128,130.421875,Basti,9.358671875
239,851,13642.0,1066.01,12.797253309068395,122,111.81967213114754,Basti,8.737786885245901
240,852,15525.0,1298.16,11.959234608985025,131,118.5114503816794,Basti,9.909618320610688
241,853,5410.0,450.0,12.022222222222222,113,47.876106194690266,Basti,3.982300884955752
242,855,12433.0,182.725,68.0421398276098,142,87.55633802816901,Gonda,1.2867957746478873
243,862,1817.0,79.80000000000001,22.76942355889724,146,12.445205479452055,Gonda,0.5465753424657535
244,863,15774.0,1348.9399999999998,11.693626106424306,134,117.71641791044776,Gonda,10.066716417910447
245,871,13274.0,983.107,13.50209082022608,144,92.18055555555556,Gonda,6.827131944444444
246,879,11467.0,600.289,19.10246564571398,140,81.90714285714286,Gonda,4.287778571428571
247,883,9090.0,169.853,53.516864582904034,126,72.14285714285714,Gonda,1.3480396825396825
248,888,11122.0,842.265,13.204870201183713,136,81.77941176470588,Gonda,6.193125
249,897,10967.0,974.76,11.25097459887562,120,91.39166666666667,Gonda,8.123
250,898,8626.0,952.0,9.0609243697479,131,65.8473282442748,Faizabad,7.267175572519084
251,906,12604.0,1028.48,12.254978220286247,129,97.70542635658914,Faizabad,7.9727131782945735
252,911,13945.0,1131.05,12.329251580389904,132,105.64393939393939,Faizabad,8.568560606060606
253,912,13973.0,1218.92,11.463426639976372,130,107.48461538461538,Faizabad,9.376307692307693
254,934,15365.0,1305.25,11.771691246887569,128,120.0390625,Faizabad,10.197265625
255,936,13590.0,1183.52,11.482695687440854,131,103.74045801526718,Faizabad,9.034503816793894
256,937,15890.0,1339.23,11.865026918453141,130,122.23076923076923,Faizabad,10.301769230769231
257,943,16269.0,1359.1,11.970421602531088,134,121.41044776119404,Faizabad,10.142537313432834
258,944,17328.0,1322.35,13.103943736529663,131,132.27480916030535,Faizabad,10.094274809160305
259,949,5955.0,510.0,11.676470588235293,123,48.41463414634146,Faizabad,4.146341463414634
260,952,5713.0,662.94,8.617672790901137,130,43.94615384615385,Saharanpur,5.099538461538462
261,953,820.0,80.0,10.25,129,6.3565891472868215,Saharanpur,0.6201550387596899
262,954,7756.0,878.06,8.833109354713802,128,60.59375,Saharanpur,6.85984375
263,955,5728.0,689.0899999999999,8.312412021651745,130,44.06153846153846,Saharanpur,5.300692307692307
264,956,8632.0,877.13,9.841186597197678,133,64.90225563909775,Saharanpur,6.594962406015037
265,957,9435.0,962.02,9.80748840980437,129,73.13953488372093,Saharanpur,7.457519379844961
266,960,7321.0,759.99,9.63302148712483,129,56.751937984496124,Auraiya,5.891395348837209
267,961,11930.0,964.06,12.374748459639441,130,91.76923076923077,Saharanpur,7.415846153846154
268,962,18759.0,910.0,20.614285714285714,143,131.1818181818182,Saharanpur,6.363636363636363
269,963,7068.0,786.99,8.98105439713338,130,54.36923076923077,Saharanpur,6.053769230769231
270,965,12458.0,1145.99,10.870950008289775,133,93.66917293233082,Saharanpur,8.616466165413534
272,971,15693.0,1178.48,13.316305749779376,132,118.88636363636364,Saharanpur,8.927878787878788
273,972,16892.0,1222.18,13.821204732527123,132,127.96969696969697,Saharanpur,9.258939393939395
274,983,18117.0,1265.85,14.31212228937078,131,138.29770992366412,Saharanpur,9.66297709923664
275,993,15401.0,1207.87,12.750544346659824,132,116.67424242424242,Saharanpur,9.150530303030303
276,994,19368.0,1466.97,13.202723982085523,133,145.62406015037595,Saharanpur,11.02984962406015
277,995,14746.0,1241.1100000000001,11.881299804207522,133,110.87218045112782,Saharanpur,9.331654135338347
278,1002,17260.0,493.707,34.96000664361656,139,124.1726618705036,Saharanpur,3.5518489208633093
279,1014,9035.0,945.1,9.559834938101789,128,70.5859375,Auraiya,7.38359375
280,1031,6290.0,196.537,32.004151889974914,54,116.48148148148148,Azamgarh,3.639574074074074
281,1040,17480.0,1545.3899999999999,11.311060638414899,131,133.4351145038168,Azamgarh,11.796870229007633
282,1048,4360.0,364.635,11.957162642094149,145,30.06896551724138,Azamgarh,2.5147241379310343
283,1055,15662.0,601.5,26.03823773898587,111,141.0990990990991,Azamgarh,5.418918918918919
284,1059,14570.0,1161.58,12.543260042356103,130,112.07692307692308,Azamgarh,8.935230769230769
285,1063,13656.0,1050.3300000000002,13.001628059752647,130,105.04615384615384,Azamgarh,8.07946153846154
286,1073,10431.0,1105.848,9.432580246109772,145,71.93793103448276,Mirzapur,7.626537931034482
287,1081,12248.0,1034.01,11.845146565313682,132,92.78787878787878,Mirzapur,7.8334090909090905
288,1082,16891.0,1441.259,11.719614586968754,129,130.93798449612405,Mirzapur,11.1725503875969
289,1090,17980.0,1496.58,12.01405872054952,146,123.15068493150685,Mirzapur,10.25054794520548
290,1091,19896.0,1555.26,12.792716330388489,130,153.04615384615386,Mirzapur,11.963538461538462
291,1094,12985.0,375.07,34.620204228544004,108,120.23148148148148,Mirzapur,3.4728703703703703
292,1107,3895.0,590.12,6.600352470683928,68,57.279411764705884,Hathras,8.678235294117647
293,1109,10455.0,1144.5900000000001,9.134275155295782,133,78.60902255639098,Hathras,8.605939849624061
294,1110,14201.0,1442.49,9.844782286185692,131,108.40458015267176,Hathras,11.011374045801526
295,1111,13185.0,1208.8400000000001,10.907150656828032,133,99.13533834586467,Hathras,9.089022556390978
296,1113,12340.0,1047.75,11.777618706752564,129,95.65891472868218,Hathras,8.122093023255815
297,1114,14809.0,1143.56,12.949910804855016,133,111.34586466165413,Hathras,8.598195488721805
298,1117,14794.0,1253.55,11.801683219656177,131,112.93129770992367,Hathras,9.569083969465648
299,1119,14251.0,1196.1599999999999,11.913957998929911,133,107.15037593984962,Hathras,8.993684210526315
300,1121,11808.0,1122.4399999999998,10.519938704964186,132,89.45454545454545,Hathras,8.503333333333332
301,1122,13199.0,963.94,13.692760960225739,128,103.1171875,Hathras,7.53078125
302,1126,15209.0,1273.1399999999999,11.946054636567856,132,115.21969696969697,Hathras,9.645
303,1127,7362.0,659.31,11.166219229194159,132,55.77272727272727,Hathras,4.994772727272727
304,1130,12503.0,885.24,14.123853418282048,132,94.71969696969697,Kasganj,6.706363636363636
305,1131,14514.0,1060.3000000000002,13.688578704140335,132,109.95454545454545,Kasganj,8.032575757575758
306,1132,10914.0,763.5300000000001,14.294133825782875,132,82.68181818181819,Kasganj,5.784318181818183
307,1134,11611.0,876.34,13.24942373964443,127,91.4251968503937,Kasganj,6.900314960629921
308,1136,11226.0,999.8800000000001,11.227347281673799,131,85.69465648854961,Kasganj,7.632671755725192
309,1138,9613.0,793.03,12.12186172023757,127,75.69291338582677,Kasganj,6.244330708661417
310,1146,11565.0,1038.3300000000002,11.138077489815375,126,91.78571428571429,Kasganj,8.240714285714287
312,1149,6290.0,80.0,78.625,102,61.666666666666664,Fatehpur,0.7843137254901961
316,1161,9552.0,457.343,20.88585591120887,105,90.97142857142858,Fatehpur,4.35564761904762
318,1163,94645.0,369.015,256.4800888852757,140,676.0357142857143,Fatehpur,2.6358214285714285
321,1193,13399.0,1097.317,12.210692078952572,126,106.34126984126983,Auraiya,8.70886507936508
322,1194,12291.0,1077.19,11.410243318263259,128,96.0234375,Auraiya,8.415546875
323,1200,12169.0,1142.38,10.652322344578861,128,95.0703125,Kaushambi,8.92484375
324,1204,16746.0,1423.13,11.767020581394531,130,128.8153846153846,Kaushambi,10.947153846153848
325,1209,17002.0,1324.24,12.839062405606235,130,130.7846153846154,Kaushambi,10.186461538461538
326,1212,16126.0,1157.71,13.929222344110356,134,120.34328358208955,Kaushambi,8.639626865671643
327,1216,11788.0,1030.997,11.43359292025098,145,81.29655172413793,Hamirpur,7.110324137931035
328,1220,6250.0,612.751,10.1999017545463,143,43.70629370629371,Hamirpur,4.284972027972028
329,1223,9004.0,772.326,11.658289375212021,144,62.52777777777778,Hamirpur,5.3633750000000004
330,1228,8355.0,574.062,14.554177074950092,146,57.226027397260275,Hamirpur,3.931931506849315
331,1231,11124.0,977.9,11.375396257286022,145,76.71724137931035,Hamirpur,6.744137931034483
332,1246,1245.0,110.007,11.317461616078976,139,8.956834532374101,Hamirpur,0.7914172661870504
334,1248,2579.0,150.0,17.19333333333333,80,32.2375,Sonbhadra,1.875
336,1256,2131.0,257.02,8.291183565481287,64,33.296875,Mahoba,4.0159375
337,1258,13082.0,954.7629999999999,13.701829668724072,138,94.79710144927536,Mahoba,6.918572463768116
339,1262,1722.0,161.22299999999998,10.680858190208594,21,82.0,Mahoba,7.677285714285714
340,1266,8228.0,358.76800000000003,22.93404094010614,102,80.66666666666667,Mahoba,3.5173333333333336
341,1268,10675.0,571.453,18.680451410702194,116,92.02586206896552,Mahoba,4.9263189655172415
342,1270,8903.0,924.76,9.62736277520654,128,69.5546875,Badaun,7.2246875
343,1271,9742.0,1020.03,9.550699489230709,127,76.70866141732283,Badaun,8.031732283464567
344,1273,13430.0,661.157,20.31287576173284,145,92.62068965517241,Badaun,4.5597034482758625
345,1275,10103.0,1045.76,9.660916462668299,130,77.71538461538462,Badaun,8.044307692307692
346,1278,14270.0,1113.14,12.81959142605602,113,126.28318584070796,Badaun,9.850796460176992
347,1279,13550.0,1190.66,11.380242890497707,131,103.43511450381679,Badaun,9.089007633587787
348,1284,14655.0,1220.09,12.011408994418446,133,110.18796992481202,Badaun,9.17360902255639
349,1292,13154.0,1098.24,11.97734557109557,134,98.16417910447761,Badaun,8.195820895522388
350,1293,13397.0,1155.0300000000002,11.598832930746385,132,101.49242424242425,Badaun,8.750227272727274
351,1294,13848.0,1169.98,11.8360997623891,131,105.70992366412214,Badaun,8.931145038167939
352,1295,14075.0,1167.29,12.057843380822247,130,108.26923076923077,Badaun,8.979153846153846
353,1296,13500.0,1154.83,11.69003229912628,131,103.05343511450381,Badaun,8.815496183206106
354,1298,12031.0,1045.02,11.512698321563224,130,92.54615384615384,Badaun,8.038615384615385
355,1302,12724.0,976.69,13.027675106738064,130,97.87692307692308,Badaun,7.513000000000001
356,1303,11331.0,880.76,12.865025659657569,128,88.5234375,Badaun,6.8809375
357,1311,12402.0,935.4399999999999,13.257932096125888,131,94.67175572519083,Badaun,7.140763358778625
358,1321,12161.0,1034.92,11.75066671820044,129,94.27131782945736,Badaun,8.02263565891473
359,1322,14302.0,1243.0700000000002,11.505385859203422,131,109.17557251908397,Badaun,9.48908396946565
360,1329,11820.0,810.03,14.592052146216806,122,96.88524590163935,Badaun,6.639590163934426
361,1331,13631.0,1183.66,11.515975871449571,133,102.48872180451127,Sonbhadra,8.899699248120301
363,1335,9940.0,891.15,11.154126690231724,144,69.02777777777777,Sonbhadra,6.188541666666667
364,1336,15983.0,1334.7199999999998,11.974796211939585,129,123.89922480620154,Sonbhadra,10.346666666666666
365,1340,3435.0,240.18,14.30177366974769,97,35.41237113402062,Shahjahanpur,2.4760824742268044
366,1341,9944.0,952.1800000000001,10.443403558150768,130,76.49230769230769,Shahjahanpur,7.324461538461539
367,1343,6515.0,820.0,7.945121951219512,144,45.24305555555556,Shahjahanpur,5.694444444444445
368,1348,14901.0,1214.97,12.264500358033532,132,112.88636363636364,Shahjahanpur,9.204318181818183
369,1351,11713.0,970.11,12.07388852810506,130,90.1,Shahjahanpur,7.462384615384615
370,1352,15240.0,1195.0,12.753138075313808,132,115.45454545454545,Shahjahanpur,9.053030303030303
372,1357,12667.0,1030.06,12.297341902413452,129,98.1937984496124,Shahjahanpur,7.984961240310077
373,1364,11869.0,1040.0,11.4125,131,90.6030534351145,Shahjahanpur,7.938931297709924
374,1366,13449.0,1124.19,11.963280228431136,132,101.88636363636364,Shahjahanpur,8.51659090909091
375,1368,15711.0,1318.53,11.915542308479898,131,119.93129770992367,Shahjahanpur,10.065114503816794
376,1369,14896.0,1224.98,12.160198533853613,128,116.375,Shahjahanpur,9.57015625
377,1371,10594.0,583.88,18.144139206686305,117,90.54700854700855,Shahjahanpur,4.990427350427351
378,1375,12626.0,1039.96,12.140851571214277,127,99.41732283464567,Shahjahanpur,8.188661417322836
379,1376,11356.0,950.14,11.951922874523754,126,90.12698412698413,Shahjahanpur,7.540793650793651
380,1378,8969.0,734.86,12.205045859075197,124,72.33064516129032,Shahjahanpur,5.926290322580646
381,1379,11179.0,995.98,11.224120966284463,125,89.432,Shahjahanpur,7.96784
382,1380,14863.0,1310.89,11.338098543737459,131,113.45801526717557,Shahjahanpur,10.006793893129771
383,1383,14686.0,1214.93,12.087939222835884,128,114.734375,Shahjahanpur,9.491640625
384,1384,15196.0,1165.02,13.043552900379392,129,117.7984496124031,Shahjahanpur,9.031162790697675
385,1385,18378.0,1465.0,12.544709897610922,129,142.46511627906978,Shahjahanpur,11.356589147286822
386,1386,13792.0,1150.12,11.991792160818003,129,106.91472868217055,Shahjahanpur,8.91565891472868
387,1387,15594.0,1202.0,12.973377703826955,132,118.13636363636364,Shahjahanpur,9.106060606060606
388,1415,9467.0,870.331,10.877470755379274,121,78.2396694214876,Rampur,7.192818181818182
389,1424,12165.0,1117.1200000000001,10.889608994557433,131,92.86259541984732,Sambhal,8.52763358778626
390,1442,7926.0,306.72299999999996,25.840905311959002,116,68.32758620689656,Sambhal,2.644163793103448
391,1443,17753.0,1513.73,11.727983193832454,132,134.49242424242425,Sambhal,11.467651515151516
392,1444,14941.0,1286.3700000000001,11.614854202134689,128,116.7265625,Sambhal,10.049765625000001
393,1446,16740.0,1439.6000000000001,11.62823006390664,132,126.81818181818181,Sambhal,10.906060606060606
394,1465,14318.0,1001.0800000000002,14.3025532424981,130,110.13846153846154,Deoria,7.700615384615386
395,1477,12381.0,1012.951,12.222703763558158,141,87.80851063829788,Deoria,7.184049645390071
396,1478,80101.0,1527.6,52.43584708038754,146,548.6369863013699,Deoria,10.463013698630137
397,1536,4647.0,405.549,11.45854138464156,50,92.94,Bahraich,8.11098
398,1537,15747.0,1304.49,12.071384219120116,132,119.29545454545455,Bahraich,9.8825
399,1538,13548.0,948.87,14.278035979638938,124,109.25806451612904,Bahraich,7.652177419354839
400,1541,15662.0,1255.05,12.479184096251146,130,120.47692307692307,Bahraich,9.654230769230768
401,1543,15883.0,1124.94,14.118975234234714,129,123.12403100775194,Bahraich,8.72046511627907
402,1555,13564.0,1130.694,11.996172262345073,145,93.54482758620689,Bahraich,7.797889655172414
403,1570,15065.0,1226.95,12.27841395329883,130,115.88461538461539,Bahraich,9.438076923076924
404,1571,14451.0,1020.49,14.160844300287117,125,115.608,Bahraich,8.163920000000001
405,1573,4796.0,435.378,11.015715079769764,56,85.64285714285714,Jalaun,7.774607142857143
406,1582,13246.0,334.406,39.61053330382828,140,94.61428571428571,Jalaun,2.3886142857142856
407,1598,10057.0,944.5260000000001,10.647668777778483,145,69.35862068965517,Jalaun,6.513972413793104
408,1602,11019.0,914.14,12.053952348655567,125,88.152,Jalaun,7.31312
409,1607,14714.0,985.511,14.930325485966165,145,101.47586206896551,Jalaun,6.796627586206896
410,1619,11423.0,965.02,11.837060371805766,127,89.94488188976378,Etawah,7.598582677165354
411,1624,15952.0,1325.97,12.030438094376192,131,121.77099236641222,Etawah,10.121908396946566
412,1625,14449.0,1213.18,11.910021596135774,133,108.6390977443609,Etawah,9.121654135338346
413,1638,5160.0,405.0,12.74074074074074,123,41.951219512195124,Etawah,3.292682926829268
414,1639,15097.0,1559.3899999999999,9.681349758559438,132,114.37121212121212,Kannauj,11.813560606060605
415,1640,3819.0,404.86,9.432890381860396,39,97.92307692307692,Kannauj,10.38102564102564
416,1641,13997.0,1447.34,9.670844445672753,132,106.03787878787878,Kannauj,10.96469696969697
417,1642,13143.0,1362.29,9.647725520997732,132,99.56818181818181,Kannauj,10.320378787878788
418,1644,12827.0,1301.89,9.852598913886734,132,97.17424242424242,Kannauj,9.86280303030303
419,1646,14782.0,1508.81,9.797124886499958,132,111.98484848484848,Kannauj,11.430378787878787
420,1650,15865.0,1366.96,11.606045531690759,133,119.28571428571429,Kannauj,10.277894736842105
421,1651,14087.0,1215.3,11.591376614827615,128,110.0546875,Kannauj,9.49453125
422,1652,12550.0,1089.87,11.515134832594715,130,96.53846153846153,Kannauj,8.383615384615384
423,1654,23744.0,1195.3000000000002,19.86446917091943,130,182.64615384615385,Kannauj,9.194615384615386
424,1655,17655.0,1478.66,11.939864471886708,132,133.75,Kannauj,11.201969696969698
425,1656,16870.0,1446.84,11.659893284675569,131,128.77862595419847,Kannauj,11.044580152671756
426,1659,18387.0,1492.8799999999999,12.31646214029259,129,142.53488372093022,Kannauj,11.572713178294572
427,1665,6459.0,315.015,20.50378553402219,74,87.28378378378379,Ambedkar Nagar,4.256959459459459
428,1666,13492.0,1057.175,12.762314659351574,146,92.41095890410959,Ambedkar Nagar,7.240924657534246
429,1674,14414.0,1183.05,12.183762309285322,129,111.73643410852713,Ambedkar Nagar,9.170930232558138
430,1678,12790.0,1111.02,11.511943979406311,129,99.14728682170542,Ambedkar Nagar,8.612558139534883
431,1681,11853.0,359.599,32.961715688864544,118,100.44915254237289,Ambedkar Nagar,3.047449152542373
432,1686,12865.0,693.05,18.562874251497007,115,111.8695652173913,Ambedkar Nagar,6.026521739130434
433,1691,10287.0,1040.8600000000001,9.883173529581306,124,82.95967741935483,Barabanki,8.394032258064517
434,1692,10659.0,969.04,10.99954594237596,130,81.99230769230769,Barabanki,7.4541538461538455
435,1696,16009.0,1383.1599999999999,11.574221348217128,132,121.28030303030303,Barabanki,10.478484848484847
436,1701,9453.0,436.99500000000006,21.631826451103557,117,80.7948717948718,Barabanki,3.7350000000000003
437,1702,13080.0,706.9000000000001,18.503324374027443,119,109.91596638655462,Barabanki,5.940336134453783
438,1703,4154.0,365.07,11.378639712931767,123,33.77235772357724,Barabanki,2.9680487804878046
439,1706,13068.0,1139.8999999999999,11.464163523116063,125,104.544,Barabanki,9.1192
440,1712,14740.0,1262.91,11.67145719014023,130,113.38461538461539,Barabanki,9.714692307692308
441,1713,13385.0,1047.54,12.777555033697997,130,102.96153846153847,Barabanki,8.058
442,1714,1445.0,162.065,8.916175608552125,18,80.27777777777777,Barabanki,9.00361111111111
443,1720,15430.0,1177.88,13.099806431894589,133,116.01503759398496,Barabanki,8.85624060150376
444,1721,14169.0,1098.98,12.892864292343809,129,109.83720930232558,Barabanki,8.519224806201551
445,1724,14238.0,1174.26,12.125083031015278,131,108.68702290076335,Barabanki,8.96381679389313
446,1732,3377.0,397.0,8.506297229219143,48,70.35416666666667,Raebareli,8.270833333333334
447,1740,12207.0,1071.06,11.397120609489665,143,85.36363636363636,Raebareli,7.48993006993007
448,1758,6723.0,474.0,14.183544303797468,44,152.79545454545453,Raebareli,10.772727272727273
449,1778,4934.0,392.0,12.58673469387755,143,34.50349650349651,Raebareli,2.7412587412587412
450,1794,14534.0,1252.09,11.607791772156954,132,110.10606060606061,Sitapur,9.485530303030302
451,1804,11179.0,831.0,13.452466907340554,125,89.432,Sitapur,6.648
452,1814,14097.0,1220.0,11.554918032786885,130,108.43846153846154,Sitapur,9.384615384615385
453,1816,15393.0,1314.58,11.70944332030002,132,116.61363636363636,Sitapur,9.958939393939394
454,1825,14485.0,1259.96,11.496396711006698,133,108.90977443609023,Sitapur,9.473383458646618
455,1829,13460.0,1153.59,11.667923612375281,129,104.34108527131782,Sitapur,8.942558139534883
456,1830,13969.0,1195.4399999999998,11.685237234825673,131,106.63358778625954,Sitapur,9.125496183206106
457,1831,12937.0,1124.83,11.501293528799907,131,98.7557251908397,Sitapur,8.58648854961832
458,1832,12270.0,1029.92,11.913546683237533,128,95.859375,Sitapur,8.04625
459,1833,11386.0,939.74,12.116117223912998,128,88.953125,Sitapur,7.34171875
460,1834,10210.0,640.3199999999999,15.945152423788107,125,81.68,Sitapur,5.122559999999999
461,1836,13182.0,1150.08,11.461811352253758,131,100.62595419847328,Farrukhabad,8.779236641221374
462,1837,5834.0,407.05899999999997,14.332074711528305,144,40.513888888888886,Farrukhabad,2.8267986111111107
463,1841,7807.0,159.97000000000003,48.80290054385196,96,81.32291666666667,Gautam Buddh Nagar,1.666354166666667
464,1842,6783.0,239.97000000000003,28.266033254156767,102,66.5,Gautam Buddh Nagar,2.3526470588235298
465,1866,10893.0,915.4200000000001,11.899455987415612,127,85.77165354330708,Gautam Buddh Nagar,7.2080314960629925
466,1867,16545.0,1240.68,13.335428958313182,132,125.3409090909091,Gautam Buddh Nagar,9.39909090909091
467,1873,14083.0,1013.622,13.893739480792643,139,101.31654676258992,Gautam Buddh Nagar,7.292244604316546
468,1875,13648.0,1140.13,11.970564760158927,128,106.625,Gautam Buddh Nagar,8.907265625
469,1882,1060.0,122.1,8.681408681408682,31,34.193548387096776,Mathura,3.9387096774193546
470,1888,2867.0,148.0,19.37162162162162,61,47.0,Lucknow,2.4262295081967213
471,1889,4514.0,95.0,47.51578947368421,63,71.65079365079364,Lucknow,1.507936507936508
472,1890,9834.0,970.35,10.13448755603648,130,75.64615384615385,Ghaziabad,7.4642307692307694
473,1896,1237.0,70.0,17.67142857142857,37,33.432432432432435,Mathura,1.8918918918918919
474,1909,3495.0,183.0,19.098360655737704,94,37.180851063829785,Mathura,1.946808510638298
475,1911,2089.0,230.0,9.082608695652175,27,77.37037037037037,Mathura,8.518518518518519
477,1916,3975.0,200.443,19.831074170711872,72,55.208333333333336,Mathura,2.7839305555555556
478,1917,3055.0,94.994,32.159925890056215,49,62.3469387755102,Mathura,1.9386530612244899
479,1925,9610.0,474.98,20.232430839193228,119,80.75630252100841,Mathura,3.9914285714285715
480,1933,1615.0,120.0,13.458333333333334,44,36.70454545454545,Mathura,2.727272727272727
482,1937,12214.0,1118.019,10.924680170909438,141,86.62411347517731,Mathura,7.9292127659574465
484,1945,6675.0,595.0,11.218487394957982,140,47.67857142857143,Shravasti,4.25
485,1957,14474.0,1089.16,13.289140254875315,133,108.82706766917293,Etah,8.189172932330827
486,1959,12930.0,1050.0,12.314285714285715,130,99.46153846153847,Etah,8.076923076923077
487,1960,15015.0,896.4,16.75033467202142,134,112.05223880597015,Etah,6.68955223880597
488,1962,12188.0,671.2,18.158522050059595,129,94.48062015503876,Etah,5.203100775193799
489,1963,12150.0,955.91,12.710401606845833,130,93.46153846153847,Etah,7.3531538461538455
490,1964,12657.0,1045.01,12.111845819657228,128,98.8828125,Etah,8.164140625
491,1965,14436.0,1194.95,12.080840202518933,131,110.19847328244275,Etah,9.12175572519084
492,1968,12159.0,1070.24,11.361003139482733,128,94.9921875,Etah,8.36125
493,1969,14958.0,1148.87,13.01974984114826,131,114.18320610687023,Etah,8.77
494,1971,14518.0,1162.97,12.483555035813477,130,111.67692307692307,Etah,8.945923076923076
495,1972,11352.0,695.65,16.31855099547186,134,84.71641791044776,Etah,5.191417910447761
496,1973,2390.0,79.0,30.253164556962027,8,298.75,Pratapgarh,9.875
497,2007,16668.0,1428.1100000000001,11.671369852462345,130,128.2153846153846,Pratapgarh,10.98546153846154
498,2020,7659.0,643.7629999999999,11.897235473303065,72,106.375,Pratapgarh,8.941152777777777
499,2037,12420.0,180.0,69.0,41,302.9268292682927,Chitrakoot,4.390243902439025
500,2039,1728.0,184.914,9.344884649080113,21,82.28571428571429,Chitrakoot,8.805428571428571
501,2042,11830.0,406.402,29.109108715016166,109,108.53211009174312,Chitrakoot,3.72845871559633
502,2050,13464.0,522.4280000000001,25.771972405766913,135,99.73333333333333,Chitrakoot,3.869837037037038
503,2053,8416.0,1045.5300000000002,8.049505992176215,122,68.98360655737704,Pilibhit,8.569918032786887
504,2054,10268.0,1133.38,9.059626956537082,126,81.4920634920635,Pilibhit,8.995079365079366
505,2055,7467.0,964.8,7.739427860696518,131,57.0,Pilibhit,7.364885496183206
506,2056,8251.0,980.73,8.413120838559033,128,64.4609375,Pilibhit,7.661953125
507,2057,10614.0,1176.1799999999998,9.024128959853085,130,81.64615384615385,Pilibhit,9.04753846153846
508,2067,12227.0,1067.03,11.458909309016617,146,83.74657534246575,Pilibhit,7.308424657534246
509,2087,3815.0,316.3,12.061334176414796,118,32.33050847457627,Pilibhit,2.6805084745762713
510,2088,7295.0,644.74,11.31463845891367,130,56.11538461538461,Pilibhit,4.959538461538462
511,2098,2550.0,274.98,9.273401701941959,53,48.113207547169814,Bulandshahr,5.188301886792453
513,2104,13375.0,1111.41,12.034262783311288,132,101.32575757575758,Bulandshahr,8.419772727272727
514,2107,14759.0,1107.5800000000002,13.32544827461673,132,111.81060606060606,Bulandshahr,8.390757575757577
515,2108,12900.0,1097.4,11.755057408419901,131,98.47328244274809,Bulandshahr,8.377099236641222
516,2109,1440.0,160.0,9.0,25,57.6,Bulandshahr,6.4
517,2111,13480.0,1168.03,11.540799465767147,129,104.49612403100775,Bulandshahr,9.054496124031008
518,2112,14980.0,1298.53,11.536121614440946,133,112.63157894736842,Bulandshahr,9.763383458646617
520,2120,3310.0,226.014,14.645110479881776,103,32.13592233009709,Bulandshahr,2.1943106796116507
521,2123,1007.0,120.0,8.391666666666667,12,83.91666666666667,Bulandshahr,10.0
522,2124,2208.0,185.988,11.871733660236144,20,110.4,Bulandshahr,9.2994
523,2130,12816.0,1105.6059999999998,11.591832895262872,146,87.78082191780823,Bulandshahr,7.572643835616437
524,2140,12750.0,1037.4099999999999,12.29022276631226,129,98.83720930232558,Bulandshahr,8.041937984496123
525,2153,10650.0,1118.02,9.52576876978945,130,81.92307692307692,Ghaziabad,8.600153846153846
526,2154,11290.0,1175.17,9.607120671902788,132,85.53030303030303,Ghaziabad,8.902803030303032
527,2159,11434.0,1140.12,10.02876890151914,133,85.96992481203007,Ghaziabad,8.572330827067669
528,2162,11808.0,1231.09,9.5915002152564,132,89.45454545454545,Ghaziabad,9.326439393939394
529,2164,4650.0,304.93,15.249401501984062,61,76.22950819672131,Ghaziabad,4.998852459016393
530,2167,11678.0,1232.24,9.47704992533922,130,89.83076923076923,Ghaziabad,9.478769230769231
531,2168,11534.0,1196.25,9.641797283176594,131,88.04580152671755,Ghaziabad,9.131679389312977
532,2169,4720.0,514.97,9.165582461114239,71,66.47887323943662,Ghaziabad,7.253098591549296
533,2173,9154.0,959.8900000000001,9.53650939170113,128,71.515625,Ghaziabad,7.499140625000001
534,2175,10460.0,1024.77,10.207168437795799,132,79.24242424242425,Ghaziabad,7.763409090909091
535,2176,15030.0,1040.21,14.449005489276203,129,116.51162790697674,Ghaziabad,8.063643410852713
536,2184,13636.0,1152.4299999999998,11.832388952040473,133,102.52631578947368,Ghaziabad,8.664887218045111
537,2186,13308.0,1110.1699999999998,11.987353288235138,132,100.81818181818181,Ghaziabad,8.410378787878786
538,2187,12060.0,1080.3400000000001,11.163152340929706,130,92.76923076923077,Ghaziabad,8.310307692307694
539,2191,13950.0,1125.1399999999999,12.3984570808966,130,107.3076923076923,Ghaziabad,8.654923076923076
540,2192,15169.0,1317.65,11.51216180321026,129,117.5891472868217,Ghaziabad,10.214341085271318
541,2195,12455.0,1228.32,10.139865833007686,132,94.35606060606061,Muzaffarnagar,9.305454545454545
542,2196,8760.0,878.82,9.967911517716939,127,68.97637795275591,Muzaffarnagar,6.91984251968504
543,2205,10195.0,930.111,10.961057336167404,139,73.34532374100719,Muzaffarnagar,6.691446043165468
544,2210,10765.0,899.01,11.974282822215548,129,83.44961240310077,Muzaffarnagar,6.9690697674418605
545,2212,10920.0,908.97,12.013597808508532,131,83.3587786259542,Muzaffarnagar,6.938702290076336
546,2217,9071.0,799.99,11.338891736146701,129,70.31782945736434,Muzaffarnagar,6.201472868217055
547,2219,11586.0,1009.94,11.471968631799909,129,89.81395348837209,Muzaffarnagar,7.828992248062016
548,2221,12721.0,1099.3899999999999,11.570962078971068,128,99.3828125,Muzaffarnagar,8.588984374999999
549,2224,11414.0,982.1099999999999,11.621916078646995,131,87.12977099236642,Muzaffarnagar,7.497022900763358
550,2241,10090.0,846.0,11.926713947990544,129,78.21705426356588,Muzaffarnagar,6.558139534883721
551,2243,10730.0,929.05,11.549432215704215,127,84.48818897637796,Muzaffarnagar,7.3153543307086615
552,2245,8239.0,732.03,11.255003210250946,127,64.8740157480315,Muzaffarnagar,5.764015748031496
553,2247,11940.0,992.29,12.03277267734231,127,94.01574803149606,Muzaffarnagar,7.813307086614173
554,2263,19048.0,1336.97,14.247140923132157,132,144.3030303030303,Mau,10.128560606060606
555,2275,7405.0,540.012,13.712658237224359,145,51.06896551724138,Mau,3.724220689655172
556,2278,14782.0,1244.0260000000003,11.882388310212162,145,101.9448275862069,Mau,8.579489655172416
557,2279,14580.0,1266.33,11.513586505887092,128,113.90625,Mau,9.893203125
558,2281,12865.0,1110.01,11.589985675804723,130,98.96153846153847,Mau,8.538538461538462
559,2287,3032.0,284.97,10.639716461381898,49,61.87755102040816,Bhadohi,5.815714285714286
560,2289,10825.0,954.97,11.335434620982857,107,101.16822429906541,Bhadohi,8.924953271028038
561,2292,11410.0,950.01,12.010399890527468,124,92.01612903225806,Bhadohi,7.661370967741935
562,2296,11970.0,994.79,12.032690316549221,131,91.37404580152672,Bhadohi,7.593816793893129
563,2297,9497.0,834.9000000000001,11.375014971852915,119,79.80672268907563,Bhadohi,7.015966386554623
564,2299,14027.0,1213.75,11.556745623069,131,107.07633587786259,Bhadohi,9.26526717557252
565,2300,15516.0,1338.31,11.593726416151714,131,118.44274809160305,Bhadohi,10.216106870229007
566,2302,12354.0,1055.4,11.705514496873223,129,95.76744186046511,Bhadohi,8.18139534883721
567,2304,11481.0,990.0799999999999,11.596032643826762,118,97.29661016949153,Bhadohi,8.39050847457627
568,2305,12720.0,1066.04,11.932010055907845,122,104.26229508196721,Bhadohi,8.738032786885245
569,2307,12560.0,1075.37,11.679700940141533,129,97.36434108527132,Bhadohi,8.336201550387596
570,2308,12070.0,1055.03,11.44043297346995,126,95.7936507936508,Bhadohi,8.373253968253968
571,2315,5900.0,530.01,11.131865436501199,122,48.36065573770492,Bhadohi,4.344344262295082
572,2327,14273.0,1192.7100000000003,11.966865373812576,131,108.95419847328245,Jaunpur,9.10465648854962
573,2329,14309.0,1159.73,12.338216653876334,129,110.92248062015504,Jaunpur,8.99015503875969
574,2348,15361.0,1339.34,11.469081786551586,130,118.16153846153846,Jaunpur,10.302615384615384
575,2360,9950.0,825.4010000000001,12.054746723107918,98,101.53061224489795,Jaunpur,8.42245918367347
576,2371,3095.0,161.27,19.191418118682954,45,68.77777777777777,Gautam Buddh Nagar,3.583777777777778
577,2375,14673.0,1004.4300000000001,14.608285296138106,125,117.384,Amroha,8.035440000000001
578,2376,18066.0,1118.48,16.152278091695873,124,145.69354838709677,Amroha,9.02
579,2383,14205.0,1044.96,13.593821773082222,132,107.61363636363636,Amroha,7.916363636363637
580,2384,14455.0,1065.71,13.563727468072928,130,111.1923076923077,Amroha,8.19776923076923
581,2385,9266.0,710.9200000000001,13.033815337872051,93,99.63440860215054,Amroha,7.644301075268818
582,2386,17385.0,1439.8500000000001,12.074174393165954,132,131.70454545454547,Amroha,10.907954545454546
583,2387,12850.0,1109.0200000000002,11.586806369587562,130,98.84615384615384,Amroha,8.530923076923079
584,2388,15407.0,1261.8600000000001,12.209753855419775,132,116.71969696969697,Amroha,9.559545454545455
585,2399,6845.0,680.187,10.063409033104131,142,48.20422535211268,Amroha,4.790049295774648
586,2402,11083.0,797.972,13.8889585098224,143,77.5034965034965,Amroha,5.580223776223776
587,2405,1329.0,145.0,9.16551724137931,52,25.557692307692307,Bijnor,2.7884615384615383
588,2408,10466.0,1030.0,10.161165048543689,130,80.50769230769231,Bijnor,7.923076923076923
589,2411,13123.0,1087.279,12.069579197243762,146,89.88356164383562,Bijnor,7.447116438356164
590,2412,12003.0,999.97,12.003360100803024,128,93.7734375,Bijnor,7.812265625
591,2414,10630.0,850.014,12.505676377094966,120,88.58333333333333,Bijnor,7.08345
592,2421,10564.0,914.906,11.546541393323468,145,72.8551724137931,Bijnor,6.309696551724137
593,2433,10027.0,400.1,25.061234691327165,111,90.33333333333333,Bijnor,3.6045045045045048
594,2442,12293.0,1068.8519999999999,11.501124571035094,145,84.77931034482759,Bijnor,7.371393103448275
595,2452,14372.0,1198.74,11.989255384820728,131,109.70992366412214,Bijnor,9.150687022900764
596,2453,11290.0,990.3800000000001,11.399664775136815,129,87.51937984496124,Bijnor,7.677364341085272
597,2461,12558.0,1080.1299999999999,11.626378306314981,128,98.109375,Bijnor,8.438515624999999
598,2462,7343.0,664.97,11.042603425718452,122,60.18852459016394,Bijnor,5.450573770491803
599,2474,11611.0,1104.45,10.512924985286794,131,88.63358778625954,Balrampur,8.430916030534352
600,2476,7543.0,752.2080000000001,10.027811456405674,86,87.70930232558139,Balrampur,8.74660465116279
601,2485,11814.0,1132.25,10.434091410907484,131,90.18320610687023,Balrampur,8.643129770992367
602,2493,11815.0,1116.1100000000001,10.5858741521893,131,90.19083969465649,Balrampur,8.519923664122139
603,2494,2151.0,210.0,10.242857142857142,130,16.546153846153846,Balrampur,1.6153846153846154
604,2507,10500.0,874.9580000000001,12.000576027649325,117,89.74358974358974,Shravasti,7.478273504273505
605,2511,9736.0,765.0,12.726797385620914,128,76.0625,Kushinagar,5.9765625
606,2514,13642.0,1408.94,9.682456314676282,132,103.34848484848484,Kushinagar,10.673787878787879
607,2515,2820.0,310.03,9.095893945747186,118,23.89830508474576,Kushinagar,2.627372881355932
608,2522,10580.0,505.0,20.95049504950495,136,77.79411764705883,Kushinagar,3.713235294117647
609,2525,1920.0,205.01,9.365396809911712,16,120.0,Kushinagar,12.813125
610,2534,12230.0,1005.01,12.169033143948816,132,92.65151515151516,Kushinagar,7.613712121212121
611,2539,11176.0,926.13,12.067420340556941,132,84.66666666666667,Kushinagar,7.016136363636363
613,2542,17627.0,1170.3899999999999,15.06079170191133,130,135.59230769230768,Kushinagar,9.002999999999998
614,2553,5259.0,576.0,9.130208333333334,61,86.21311475409836,Maharajganj,9.442622950819672
615,2563,5960.0,559.01,10.661705515107064,95,62.73684210526316,Maharajganj,5.884315789473684
616,2569,8547.0,455.795,18.751851161157976,139,61.489208633093526,Maharajganj,3.2791007194244606
617,2626,12683.0,1105.02,11.477620314564442,128,99.0859375,Ghaziabad,8.63296875
618,2627,15479.0,1598.43,9.683877304605144,131,118.16030534351145,Kannauj,12.201755725190841
619,2628,10238.0,1054.88,9.70536933110875,134,76.40298507462687,Kannauj,7.8722388059701505
620,2635,13862.0,1143.2,12.125612316305109,128,108.296875,Auraiya,8.93125
621,2639,12925.0,1077.99,11.98990714199575,133,97.18045112781955,Auraiya,8.105187969924811
622,2640,10463.0,472.976,22.121629850140387,120,87.19166666666666,Allahabad,3.9414666666666665
623,2643,14399.0,755.0,19.071523178807947,145,99.30344827586207,Lucknow,5.206896551724138
625,2649,12820.0,1285.3300000000002,9.974092256463319,134,95.67164179104478,Farrukhabad,9.592014925373135
626,2650,11302.0,1100.54,10.269504061642467,114,99.14035087719299,Farrukhabad,9.653859649122806
627,2652,12079.0,1095.71,11.02390230991777,126,95.86507936507937,Farrukhabad,8.696111111111112
628,2655,13580.0,1177.65,11.531439731669002,129,105.27131782945736,Farrukhabad,9.12906976744186
629,2656,13800.0,1197.1599999999999,11.527281232249658,130,106.15384615384616,Farrukhabad,9.208923076923076
630,2660,12745.0,1120.2,11.377432601321193,132,96.5530303030303,Farrukhabad,8.486363636363636
631,2661,12470.0,1101.1799999999998,11.324215841188545,130,95.92307692307692,Farrukhabad,8.470615384615384
632,2662,11884.0,1035.76,11.473700471151618,128,92.84375,Farrukhabad,8.091875
633,2663,14033.0,1056.31,13.284925826698602,133,105.51127819548873,Farrukhabad,7.942180451127819
634,2664,11806.0,965.74,12.224822415971172,128,92.234375,Farrukhabad,7.54484375
635,2665,13160.0,1146.6999999999998,11.476410569460192,131,100.45801526717557,Farrukhabad,8.753435114503816
636,2666,13022.0,1138.43,11.438560122273657,126,103.34920634920636,Farrukhabad,9.03515873015873
637,2667,14359.0,1250.52,11.482423311902249,130,110.45384615384616,Farrukhabad,9.619384615384615
638,2669,10362.0,915.1899999999999,11.322239097892242,128,80.953125,Farrukhabad,7.1499218749999995
639,2670,10769.0,950.24,11.332926418588988,128,84.1328125,Farrukhabad,7.42375
640,2672,13786.0,1194.81,11.538236204919611,132,104.43939393939394,Farrukhabad,9.051590909090908
641,2675,6442.0,594.61,10.833992028388355,95,67.81052631578947,Farrukhabad,6.259052631578948
642,2684,15612.0,1224.4499999999998,12.750214381967416,131,119.17557251908397,Kanpur Dehat,9.346946564885494
643,2685,14315.0,1145.8899999999999,12.492473099512171,131,109.27480916030534,Kanpur Dehat,8.747251908396946
644,2693,12298.0,1039.65,11.828980907036021,130,94.6,Kanpur Dehat,7.997307692307693
645,2704,7704.0,655.3100000000001,11.756268025819839,115,66.99130434782609,Kanpur Dehat,5.698347826086957
646,2723,13575.0,1178.6399999999999,11.517511708409694,128,106.0546875,Hardoi,9.208124999999999
647,2724,12869.0,1103.72,11.659660058710543,127,101.33070866141732,Hardoi,8.690708661417323
648,2725,13490.0,1175.07,11.480167138978954,132,102.1969696969697,Hardoi,8.902045454545455
649,2736,13365.0,1115.0,11.986547085201794,132,101.25,Hardoi,8.446969696969697
650,2737,13435.0,1170.01,11.482807839249237,130,103.34615384615384,Hardoi,9.000076923076923
651,2739,13570.0,1170.0,11.598290598290598,132,102.8030303030303,Hardoi,8.863636363636363
652,2744,13993.0,1173.0,11.92924126172208,131,106.81679389312977,Hardoi,8.954198473282442
653,2745,13370.0,1164.3400000000001,11.48290018379511,127,105.2755905511811,Hardoi,9.168031496062993
654,2749,15135.0,1149.1399999999999,13.170718972448963,133,113.796992481203,Hardoi,8.640150375939848
655,2758,13305.0,1109.99,11.986594473824088,124,107.29838709677419,Hardoi,8.951532258064516
656,2764,12544.0,779.99,16.08225746483929,117,107.21367521367522,Etah,6.6665811965811965
657,2765,8852.0,784.94,11.277295079878716,123,71.96747967479675,Etah,6.381626016260163
658,2766,8535.0,230.0,37.108695652173914,100,85.35,Lucknow,2.3
659,2769,9430.0,350.22999999999996,26.92516346400937,97,97.21649484536083,Lucknow,3.6106185567010307
662,2781,17062.0,1433.3399999999997,11.903665564346214,132,129.25757575757575,Amethi ,10.85863636363636
663,2782,20359.0,1198.3799999999999,16.988768170363326,129,157.8217054263566,Amethi ,9.289767441860464
664,2783,14064.0,1212.28,11.60128023228957,127,110.74015748031496,Amethi ,9.545511811023621
665,2784,15932.0,1380.2699999999998,11.542669187912512,132,120.6969696969697,Amethi ,10.456590909090908
666,2786,13835.0,1150.11,12.029284155428613,130,106.42307692307692,Amethi ,8.847
667,2793,4270.0,160.0,26.6875,50,85.4,Amethi ,3.2
668,2794,5990.0,160.0,37.4375,62,96.61290322580645,Amethi ,2.5806451612903225
669,2802,9454.0,865.0,10.929479768786127,119,79.4453781512605,Sultanpur,7.26890756302521
670,2806,12311.0,1081.0149999999999,11.388371114184356,136,90.5220588235294,Sultanpur,7.948639705882352
671,2808,17030.0,1285.0099999999998,13.252815153189472,130,131.0,Sultanpur,9.884692307692307
672,2814,2778.0,236.0,11.771186440677965,122,22.770491803278688,Sultanpur,1.9344262295081966
673,2819,14088.0,735.4870000000001,19.154655350808373,140,100.62857142857143,Sultanpur,5.253478571428572
674,2820,10840.0,883.0,12.276330690826727,131,82.74809160305344,Sultanpur,6.740458015267175
675,2821,14505.0,1172.8400000000001,12.36741584529859,129,112.44186046511628,Sultanpur,9.091782945736435
676,2829,15576.0,1348.9900000000002,11.5464162076813,129,120.74418604651163,Sultanpur,10.457286821705429
677,2847,1065.0,125.0,8.52,120,8.875,Sultanpur,1.0416666666666667
678,2848,13287.0,1153.8200000000002,11.515661021649823,128,103.8046875,Sultanpur,9.014218750000001
679,2851,7440.0,791.8299999999999,9.395956202720281,129,57.674418604651166,Lakhimpur Kheri,6.138217054263565
680,2852,12390.0,1210.97,10.231467336102464,129,96.04651162790698,Lakhimpur Kheri,9.387364341085272
681,2856,11680.0,1163.32,10.040229687446274,131,89.16030534351145,Lakhimpur Kheri,8.88030534351145
682,2859,13275.0,1149.39,11.549604572860385,129,102.90697674418605,Lakhimpur Kheri,8.91
683,2860,12090.0,1023.02,11.817950773200915,128,94.453125,Lakhimpur Kheri,7.99234375
684,2863,8699.0,185.0,47.02162162162162,145,59.99310344827586,Lakhimpur Kheri,1.2758620689655173
685,2864,11281.0,988.9300000000001,11.4072785738121,131,86.1145038167939,Lakhimpur Kheri,7.5490839694656495
686,2865,13428.0,1151.96,11.656654744956422,128,104.90625,Lakhimpur Kheri,8.9996875
687,2867,14698.0,1224.0000000000002,12.00816993464052,129,113.93798449612403,Lakhimpur Kheri,9.488372093023258
688,2868,13963.0,1196.1100000000001,11.67367549807292,133,104.98496240601504,Lakhimpur Kheri,8.993308270676692
689,2870,12986.0,1082.6699999999998,11.994421199442122,127,102.25196850393701,Lakhimpur Kheri,8.524960629921258
690,2871,13550.0,1139.02,11.896191462836473,129,105.03875968992249,Lakhimpur Kheri,8.829612403100775
691,2876,11580.0,1010.0,11.465346534653465,129,89.76744186046511,Lakhimpur Kheri,7.829457364341085
692,2878,15350.0,1264.3899999999999,12.140241539398446,128,119.921875,Lakhimpur Kheri,9.878046874999999
693,2879,13610.0,1154.45,11.78916367101217,131,103.89312977099236,Lakhimpur Kheri,8.812595419847328
694,2880,12610.0,1053.04,11.974853756742384,126,100.07936507936508,Lakhimpur Kheri,8.357460317460317
695,2882,13851.0,1209.8700000000001,11.44833742468199,133,104.14285714285714,Lakhimpur Kheri,9.096766917293234
696,2884,12750.0,1054.96,12.085766284977629,128,99.609375,Lakhimpur Kheri,8.241875
697,2886,12362.0,950.09,13.011398920102305,126,98.11111111111111,Lakhimpur Kheri,7.540396825396826
698,2887,13225.0,1149.97,11.50030000782629,131,100.95419847328245,Lakhimpur Kheri,8.778396946564886
699,2888,11783.0,1033.86,11.397094384152595,127,92.77952755905511,Lakhimpur Kheri,8.140629921259842
700,2892,12030.0,160.0,75.1875,140,85.92857142857143,Lakhimpur Kheri,1.1428571428571428
701,2894,11434.0,948.3100000000001,12.057238666680727,132,86.62121212121212,Lakhimpur Kheri,7.184166666666667
702,2904,11598.0,991.6300000000001,11.695894638121072,132,87.86363636363636,Lakhimpur Kheri,7.512348484848486
703,2910,12250.0,1265.33,9.681268917989774,131,93.5114503816794,Unnao,9.659007633587786
704,2928,13971.0,1180.05,11.83932884199822,129,108.30232558139535,Unnao,9.147674418604652
705,2929,14530.0,1152.03,12.612518771212555,122,119.09836065573771,Unnao,9.442868852459016
706,2930,18541.0,1248.2,14.854190033648454,133,139.406015037594,Unnao,9.384962406015038
707,2931,17030.0,1269.12,13.418746848209784,129,132.015503875969,Unnao,9.83813953488372
708,2932,1898.0,80.292,23.638718676829573,59,32.16949152542373,Unnao,1.3608813559322035
709,2958,2929.0,234.0,12.517094017094017,41,71.4390243902439,Bagpat,5.7073170731707314
710,2963,6695.0,585.0,11.444444444444445,88,76.07954545454545,Bagpat,6.6477272727272725
711,2965,1428.0,155.0,9.212903225806452,30,47.6,Bagpat,5.166666666666667
712,2974,4110.0,339.892,12.092076306591506,142,28.943661971830984,Bagpat,2.393605633802817
713,2975,10122.0,833.97,12.137127234792619,128,79.078125,Bagpat,6.515390625
714,2981,13300.0,1150.0,11.565217391304348,146,91.0958904109589,Bagpat,7.876712328767123
715,2985,1615.0,160.0,10.09375,23,70.21739130434783,Bagpat,6.956521739130435
716,2991,5015.0,450.0,11.144444444444444,145,34.58620689655172,Hapur,3.103448275862069
717,3017,14115.0,1191.06,11.850788373381695,131,107.74809160305344,Shamli,9.09206106870229
718,3018,11662.0,1025.6999999999998,11.369796236716391,129,90.40310077519379,Shamli,7.951162790697673
719,3020,12730.0,1115.6,11.410899964144855,125,101.84,Shamli,8.9248
720,3023,11140.0,1089.48,10.225061497228035,130,85.6923076923077,Shamli,8.380615384615385
721,3024,3486.0,338.92,10.28561312404107,66,52.81818181818182,Shamli,5.135151515151516
722,3026,12164.0,999.26,12.173008025939195,145,83.8896551724138,Shamli,6.891448275862069
723,3027,12043.0,1088.992,11.058850753724546,142,84.80985915492958,Shamli,7.668957746478873
724,3031,10760.0,918.28,11.717558914492312,119,90.4201680672269,Shamli,7.716638655462185
725,3033,13360.0,1104.96,12.090935418476686,127,105.19685039370079,Shamli,8.700472440944882
726,3067,13663.0,1070.547,12.762634428941466,130,105.1,Ballia,8.234976923076923
727,3077,14118.0,384.0,36.765625,146,96.6986301369863,Sonbhadra,2.6301369863013697
728,3091,13780.0,1182.9799999999998,11.648548580702972,132,104.39393939393939,Sonbhadra,8.961969696969696
729,3094,13502.0,978.9499999999999,13.792328515245927,128,105.484375,Sonbhadra,7.6480468749999995
730,3095,10644.0,928.4499999999999,11.464268404329799,129,82.51162790697674,Sonbhadra,7.1972868217054256
731,3096,75404.0,115.404,653.3915635506569,33,2284.969696969697,Sonbhadra,3.497090909090909
732,3097,13835.0,284.0,48.71478873239437,138,100.2536231884058,Sonbhadra,2.0579710144927534
733,3099,13276.0,1149.16,11.552786383097217,133,99.81954887218045,Sonbhadra,8.6403007518797
735,3103,10851.0,358.83299999999997,30.23969367365878,102,106.38235294117646,Sonbhadra,3.517970588235294
737,3109,9061.0,185.0,48.97837837837838,146,62.06164383561644,Lucknow,1.2671232876712328
738,3110,2573.0,115.05699999999999,22.362828858739583,42,61.26190476190476,Lucknow,2.7394523809523808
739,3113,1874.0,152.0,12.328947368421053,58,32.310344827586206,Lucknow,2.6206896551724137
740,3117,1208.0,120.0,10.066666666666666,52,23.23076923076923,Lucknow,2.3076923076923075
741,3147,62079.0,125.01999999999998,496.5525515917454,61,1017.688524590164,Chandauli,2.049508196721311
742,3148,644.0,80.0,8.05,65,9.907692307692308,Chandauli,1.2307692307692308
743,3159,2959.0,160.0,18.49375,106,27.91509433962264,Ghazipur,1.509433962264151
744,3160,5633.0,124.0,45.42741935483871,44,128.02272727272728,Ghazipur,2.8181818181818183
746,3184,1936.0,156.0,12.41025641025641,78,24.82051282051282,Ghazipur,2.0
